{"schema":5,"addons":[{"id":"{d10d0bf8-f5b5-c8b4-a8b2-2b9879e08c5d}","icons":{"32":"https://addons.cdn.mozilla.net/user-media/addon_icons/1/1865-32.png?modified=1429089919","64":"https://addons.cdn.mozilla.net/user-media/addon_icons/1/1865-64.png?modified=1429089919"},"name":"Adblock Plus","type":"extension","version":"2.6.10","repositoryStatus":4,"creator":{"name":"Wladimir Palant","url":"https://addons.mozilla.org/ru/firefox/user/Wladimir-Palant/?src=api"},"description":"Надоела реклама? Тормозит интернет? Слишком много баннеров? Установи Adblock Plus, чтобы вернуть себе контроль над интернетом и видеть лишь то, что хочется.","fullDescription":"Adblock Plus даст вам вернуть себе контроль над интернетом и видеть его таким, как хочется вам. Для расширения существует более сорока списков фильтров для десятков языков, которые автоматически настроят его для различных целей, от блокировки рекламы до блокировки всех известных опасных доменов. Adblock Plus также позволит вам добавлять собственные фильтры с помощью различных полезных инструментов, включая контекстное меню для блокировки картинок, ярлык для блокировки Flash-роликов и Java-апплетов и список элементов для удаления невидимых элементов (к примеру, скриптов или стилей).\n\nНачиная с Adblock Plus 2.0 появилась возможность разрешить в настройках фильтров некоторую ненавязчивую рекламу. Таким образом можно поддержать страницы, которые не навязывают рекламу посетителям. Мы надеемся, что в результате больше страниц станет использовать ненавязчивую рекламу. Дополнительная информация","isPlatformCompatible":true,"eula":null,"screenshots":[{"url":"https://addons.cdn.mozilla.net/user-media/previews/full/137/137084.png?src=api&modified=1401960627","width":"700","height":"521","thumbnailURL":"https://addons.cdn.mozilla.net/user-media/previews/thumbs/137/137084.png?src=api&modified=1401960627","thumbnailWidth":"200","thumbnailHeight":"149","caption":"Easily remove all annoying ads from Firefox."},{"url":"https://addons.cdn.mozilla.net/user-media/previews/full/137/137086.png?src=api&modified=1401960627","width":"700","height":"521","thumbnailURL":"https://addons.cdn.mozilla.net/user-media/previews/thumbs/137/137086.png?src=api&modified=1401960627","thumbnailWidth":"200","thumbnailHeight":"149","caption":"Adblock Plus can do more than adblocking. Enable powerful features in one click."},{"url":"https://addons.cdn.mozilla.net/user-media/previews/full/137/137088.png?src=api&modified=1401960627","width":"700","height":"521","thumbnailURL":"https://addons.cdn.mozilla.net/user-media/previews/thumbs/137/137088.png?src=api&modified=1401960627","thumbnailWidth":"200","thumbnailHeight":"149","caption":"Clean up your Facebook experience with Adblock Plus."},{"url":"https://addons.cdn.mozilla.net/user-media/previews/full/137/137090.png?src=api&modified=1401960627","width":"700","height":"521","thumbnailURL":"https://addons.cdn.mozilla.net/user-media/previews/thumbs/137/137090.png?src=api&modified=1401960627","thumbnailWidth":"200","thumbnailHeight":"149","caption":"Adblock Plus even removes those annoying 30-second video ads on YouTube."},{"url":"https://addons.cdn.mozilla.net/user-media/previews/full/137/137092.png?src=api&modified=1401960627","width":"700","height":"521","thumbnailURL":"https://addons.cdn.mozilla.net/user-media/previews/thumbs/137/137092.png?src=api&modified=1401960627","thumbnailWidth":"200","thumbnailHeight":"149","caption":"Remove all annoying blinking banners!"},{"url":"https://addons.cdn.mozilla.net/user-media/previews/full/137/137094.png?src=api&modified=1401960627","width":"700","height":"521","thumbnailURL":"https://addons.cdn.mozilla.net/user-media/previews/thumbs/137/137094.png?src=api&modified=1401960627","thumbnailWidth":"200","thumbnailHeight":"149","caption":"Browse the web as it once used to be."},{"url":"https://addons.cdn.mozilla.net/user-media/previews/full/137/137096.png?src=api&modified=1401960627","width":"700","height":"521","thumbnailURL":"https://addons.cdn.mozilla.net/user-media/previews/thumbs/137/137096.png?src=api&modified=1401960627","thumbnailWidth":"200","thumbnailHeight":"149","caption":"Please help us by reporting bugs."},{"url":"https://addons.cdn.mozilla.net/user-media/previews/full/137/137098.png?src=api&modified=1401960627","width":"700","height":"521","thumbnailURL":"https://addons.cdn.mozilla.net/user-media/previews/thumbs/137/137098.png?src=api&modified=1401960627","thumbnailWidth":"200","thumbnailHeight":"149","caption":"You can even create your own blocking lists to customize the web to your exact needs."}],"averageRating":5,"learnmoreURL":"https://addons.mozilla.org/ru/firefox/addon/adblock-plus/?src=api","homepageURL":"http://adblockplus.org/","sourceURI":"https://addons.mozilla.org/firefox/downloads/file/332192/adblock_plus-2.6.10-an+sm+tb+fx.xpi?src=api","size":987655,"contributionURL":"https://addons.mozilla.org/ru/firefox/addon/adblock-plus/developers?src=api","contributionAmount":"5,00 $","developerComments":null,"reviewURL":"https://addons.mozilla.org/ru/firefox/addon/adblock-plus/reviews/?src=api","reviewCount":4915,"totalDownloads":349567719,"weeklyDownloads":1416056,"dailyUsers":20132641,"updateDate":1438086605000,"supportURL":"http://adblockplus.org/forum/"},{"id":"VimFx@akhodakivskiy.github.com","icons":{"32":"https://addons.cdn.mozilla.net/user-media/addon_icons/404/404785-32.png?modified=1408551112","64":"https://addons.cdn.mozilla.net/user-media/addon_icons/404/404785-64.png?modified=1408551112"},"name":"VimFx","type":"extension","version":"0.5.17.1-signed","repositoryStatus":4,"creator":{"name":"akhodakivskiy","url":"https://addons.mozilla.org/ru/firefox/user/akhodakivskiy/?src=api"},"developers":[{"name":"lydell","url":"https://addons.mozilla.org/ru/firefox/user/lydell/?src=api"}],"description":"VimFx introduces Vim-style keyboard shortcuts for browsing and navigation without using the mouse.","fullDescription":"VimFx - Vim keyboard shortcuts for Firefox\n\nVimFx is a Mozilla Firefox extension which introduces Vim-style keyboard shortcuts for browsing and navigation, significantly reducing the use of mouse, and allowing your hands to rest on the home row.\n\nVimFx was inspired by Vimperator and designed after Vimium for Google Chrome preserving the shortcuts and behavior. If your are used to Vimium then it will be easy to get started with VimFx. You don't need much Vim experience to start using VimFx, just give it a try!\n\nMailing list: vimfx@librelist.com (just send an email to subscribe)\n\nDetailed info on the project Github page: https://github.com/akhodakivskiy/VimFx\n\nKey Features\n\n    Over 40 concise shortcuts for most commonly performed actions\n    Follow and access links and form elemnts on the page using hint markers\n    Vim-like search with / and n/N\n    Easy access to the Help page with description of all the shortcuts (press ?)\n\n\nShortcuts\nhttps://github.com/akhodakivskiy/VimFx#shortcuts\n\nRelease Notes\nhttps://github.com/akhodakivskiy/VimFx/blob/master/CHANGELOG.md\n\nIcon Design\nby Heidi Xu: http://hex-design.com/","isPlatformCompatible":true,"eula":null,"screenshots":[{"url":"https://addons.cdn.mozilla.net/user-media/previews/full/80/80893.png?src=api&modified=1377091764","width":"700","height":"381","thumbnailURL":"https://addons.cdn.mozilla.net/user-media/previews/thumbs/80/80893.png?src=api&modified=1377091764","thumbnailWidth":"200","thumbnailHeight":"109","caption":"Hint makers which let you easily follow links and access controls on the page"},{"url":"https://addons.cdn.mozilla.net/user-media/previews/full/80/80897.png?src=api&modified=1377091764","width":"344","height":"232","thumbnailURL":"https://addons.cdn.mozilla.net/user-media/previews/thumbs/80/80897.png?src=api&modified=1377091764","thumbnailWidth":"200","thumbnailHeight":"135","caption":"Toolbar button that let you easily disable keyboard shortcuts and commands, open help dialog, and access and change preferences"},{"url":"https://addons.cdn.mozilla.net/user-media/previews/full/85/85596.png?src=api&modified=1377091764","width":"700","height":"409","thumbnailURL":"https://addons.cdn.mozilla.net/user-media/previews/thumbs/85/85596.png?src=api&modified=1377091764","thumbnailWidth":"200","thumbnailHeight":"117","caption":"Inpage help dialog with description of available shortcuts commands and an option to disable them"}],"averageRating":5,"learnmoreURL":"https://addons.mozilla.org/ru/firefox/addon/vimfx/?src=api","homepageURL":"https://github.com/akhodakivskiy/VimFx","sourceURI":"https://addons.mozilla.org/firefox/downloads/file/294536/vimfx-0.5.17-fx.xpi?src=api","size":78837,"contributionURL":"https://addons.mozilla.org/ru/firefox/addon/vimfx/developers?src=api","contributionAmount":"1,99 $","developerComments":"    Doesn't use Jetpack\n    Written in Coffeescript","reviewURL":"https://addons.mozilla.org/ru/firefox/addon/vimfx/reviews/?src=api","reviewCount":112,"totalDownloads":81517,"weeklyDownloads":769,"dailyUsers":9495,"updateDate":1422031023000,"supportURL":"https://github.com/akhodakivskiy/VimFx"},{"id":"uBlock0@raymondhill.net","icons":{"32":"https://addons.cdn.mozilla.net/user-media/addon_icons/607/607454-32.png?modified=1437057565","64":"https://addons.cdn.mozilla.net/user-media/addon_icons/607/607454-64.png?modified=1437057565"},"name":"uBlock Origin","type":"extension","version":"1.0.0.0","repositoryStatus":4,"creator":{"name":"Raymond Hill","url":"https://addons.mozilla.org/ru/firefox/user/gorhill/?src=api"},"description":"Finally, an efficient blocker. Easy on CPU and memory.","fullDescription":"µBlock — эффективный блокировщик: он использует меньше оперативной памяти и меньше нагружает ЦП, при этом используя больше фильтров, чем другие популярные блокировщики.\n\nИллюстрированный обзор его эффективности: https://github.com/gorhill/uBlock/wiki/uBlock-vs.-ABP:-efficiency-compared\n\nИспользование: нажмите большую кнопку «Включение» в выпадающем окне, чтобы включить или отключить uBlock для текущего сайта. Это действует только для текущего сайта, а не для всех.\n\n***\n\nБудучи гибким, это нечто большее, чем просто «блокировщик рекламы»: он также может считывать и создавать фильтры из хост-файлов.\n\nПо умолчанию следующие списки фильтров будут загружены и применены:\n\n- EasyList\n- Список рекламных серверов Питера Лоу\n- EasyPrivacy\n- Вредоносные домены\n\nТакже на выбор доступны другие списки:\n\n- Фанатский улучшенный список отслеживания\n- Хост-файл Дэна Поллока\n- Рекламные и отслеживающие сервера hpHosts\n- MVPS HOSTS\n- Spam404\n- И т. д.\n\nКонечно, чем больше фильтров, тем выше использование памяти. Тем не менее даже после добавления трёх дополнительных списков uBlock₀ всё ещё потребляет меньше памяти, чем другие популярные блокировщики.\n\nТакже имейте в виду, что некоторые их этих списков имеют высокую вероятность поломать веб-сайт, особенно те, что созданы из хост-файлов.\n\n***\n\nБез предустановленных списков фильтров это расширение — ничто. Так что, если вы действительно хотите внести свой вклад, подумайте о людях, усердно поддерживающих списки фильтров, предоставленные Вам для бесплатного использования.\n\n***\n\nБесплатно.\nОткрытый исходный код, публичная лицензия (GPLv3).\nДля пользователей от пользователей.\n\nУчастники на Github: https://github.com/gorhill/uBlock/graphs/contributors\nУчастники на Crowdin: https://crowdin.net/project/ublock\n\n***\n\nЭто ещё очень ранняя версия, имейте это в виду, оценивая программу.\n\nСписок изменений:\nhttps://github.com/gorhill/uBlock/releases","isPlatformCompatible":true,"eula":null,"screenshots":[{"url":"https://addons.cdn.mozilla.net/user-media/previews/full/157/157572.png?src=api&modified=1433504323","width":"640","height":"480","thumbnailURL":"https://addons.cdn.mozilla.net/user-media/previews/thumbs/157/157572.png?src=api&modified=1433504323","thumbnailWidth":"200","thumbnailHeight":"150","caption":"Default mode"},{"url":"https://addons.cdn.mozilla.net/user-media/previews/full/157/157576.png?src=api&modified=1433504323","width":"640","height":"480","thumbnailURL":"https://addons.cdn.mozilla.net/user-media/previews/thumbs/157/157576.png?src=api&modified=1433504323","thumbnailWidth":"200","thumbnailHeight":"150","caption":"The dashboard: stock filter lists"},{"url":"https://addons.cdn.mozilla.net/user-media/previews/full/157/157592.png?src=api&modified=1433504323","width":"640","height":"480","thumbnailURL":"https://addons.cdn.mozilla.net/user-media/previews/thumbs/157/157592.png?src=api&modified=1433504323","thumbnailWidth":"200","thumbnailHeight":"150","caption":"Dynamic filtering allows default-deny mode"},{"url":"https://addons.cdn.mozilla.net/user-media/previews/full/159/159634.png?src=api&modified=1433504323","width":"640","height":"480","thumbnailURL":"https://addons.cdn.mozilla.net/user-media/previews/thumbs/159/159634.png?src=api&modified=1433504323","thumbnailWidth":"200","thumbnailHeight":"150","caption":"The dashboard: settings"},{"url":"https://addons.cdn.mozilla.net/user-media/previews/full/158/158734.png?src=api&modified=1433504323","width":"700","height":"525","thumbnailURL":"https://addons.cdn.mozilla.net/user-media/previews/thumbs/158/158734.png?src=api&modified=1433504323","thumbnailWidth":"200","thumbnailHeight":"150","caption":"Unified logger"}],"averageRating":5,"learnmoreURL":"https://addons.mozilla.org/ru/firefox/addon/ublock-origin/?src=api","homepageURL":"https://addons.mozilla.org/ru/firefox/addon/ublock-origin/?src=api","sourceURI":"https://addons.mozilla.org/firefox/downloads/file/330292/ublock_origin-1.0.0.0-an+sm+fx.xpi?src=api","size":3614324,"developerComments":null,"reviewURL":"https://addons.mozilla.org/ru/firefox/addon/ublock-origin/reviews/?src=api","reviewCount":147,"totalDownloads":471534,"weeklyDownloads":83202,"dailyUsers":167351,"updateDate":1437252751000,"supportURL":"https://github.com/gorhill/uBlock"},{"id":"{d40f5e7b-d2cf-4856-b441-cc613eeffbe3}","icons":{"32":"https://addons.cdn.mozilla.net/user-media/addon_icons/6/6623-32.png?modified=1384503382","64":"https://addons.cdn.mozilla.net/user-media/addon_icons/6/6623-64.png?modified=1384503382"},"compatibilityOverrides":[{"type":"incompatible","minVersion":"1.67","maxVersion":"1.67","appID":"{ec8030f7-c20a-464f-9b0e-13a3a9e97384}","appMinVersion":"10.0a1","appMaxVersion":"*"}],"name":"BetterPrivacy","type":"extension","version":"1.68.1-signed","repositoryStatus":4,"creator":{"name":"IKRG","url":"https://addons.mozilla.org/ru/firefox/user/Netcat/?src=api"},"description":"Remove or manage a new and uncommon kind of cookies, better known as LSO's.The BetterPrivacy safeguard offers various ways to handle Flash-cookies set by Google, YouTube, Ebay and others...\n\nLatest updates: See bottom link 'version history'!","fullDescription":"****************\n- If you have problems or suggestions please do not post it here but send an email\n****************\n\nBetter Privacy serves to protect against special longterm cookies, a new generation of 'Super-Cookie', which silently conquered the Internet. This new cookie generation offers unlimited user tracking to industry and market research. Concerning privacy Flash-cookies are most critical.\nThis add-on was made to make users aware of those hidden, never expiring objects and to offer an easier way to view and to manage them - since browsers are unable to do that for you.\n\nFlash-cookies (Local Shared Objects, LSO) are pieces of information placed on your computer by a Flash plug-in. Those Super-Cookies are placed in central system folders. They are frequently used like standard browser cookies. Although their thread potential is much higher as of conventional cookies, only few users began to take notice of them.\n\nBetterPrivacy allows to list and manage Flash-cookies, e.g. to remove those objects automatically on browser start, browser exit or by a configurable timer function while certain desired Flash cookies can be excluded from automatic deletion. So this extension becomes sort of \"install and forget add-on\". Usually automatic deletion is safe (no negative impact on your browsing), especially if the deletion timer is activated. The timer can delay automatic deletion for new or modified Flash-cookies which might be in use. It also allows to delete those objects immediately if desired. Users who wish to to manage all Flash-cookies manually can disable the automatic functions or exclude certain Flash-cookies from automatic deletion.\n\nSome Flash-cookie (LSO) properties in short...\n- they are never expiring - staying on your computer for an unlimited time.\n- by default they offer a storage of 100 KB (compare: Usual cookies 4 KB).\n- browsers are not fully aware of LSO's, They often cannot be displayed or managed by browsers.\n- via Flash they can access and store highly specific personal and technical information (system, user name, files,...).\n- ability to send the stored information to the appropriate server, without user's permission.\n- Flash applications do not need to be visible\n- there is no easy way to tell which Flash-cookie sites are tracking you.\n- shared folders allow cross-browser tracking, LSO's work in every flash-enabled application\n- the Flash company doesn't provide a user-friendly way to manage LSO's, In fact it's incredible cumbersome.\n- many domains and tracking companies make extensive use of Flash-cookies.\nThis kind of cookies is not harmless.\n\n\n\n------------------------- IMPORTANT -------------------------\nIF YOU PERMIT DELETION OF LSO's,\nTHEN COOKIE-STORED INFORMATION LIKE\nGAME SETTINGS OR LOGIN DATA (YAHOO SEAL)\nMIGHT BE LOST! MAKE SURE THAT YOU EXCLUDED\nIMPORTANT COOKIES FROM DELETION (SEE FAQ)\n\n\n\nFrequently asked questions (FAQ):\nPlease scroll to the bottom of the page.\n\nRecommended comprehensive Flash-cookie article (topic: UC Berkeley research report)\nhttp://www.wired.com/epicenter/2009/08/you-deleted-your-cookies-think-again/\n\nWikipedia LSO information:\nhttp://en.wikipedia.org/wiki/Local_Shared_Object\n\nSee what Google finds:\nhttp://google.com/search?q=flash-cookie+super-cookie\n\n\n\nNote:\nNO SUPPORT POSSIBLE HERE!\nIf you have a problem, please send an email so that I can answer. Do not post your questions in reviews (instead see support email here).","isPlatformCompatible":true,"eula":null,"screenshots":[{"url":"https://addons.cdn.mozilla.net/user-media/previews/full/18/18819.png?src=api&modified=1331247702","width":"370","height":"370","thumbnailURL":"https://addons.cdn.mozilla.net/user-media/previews/thumbs/18/18819.png?src=api&modified=1331247702","thumbnailWidth":"150","thumbnailHeight":"150"}],"averageRating":5,"learnmoreURL":"https://addons.mozilla.org/ru/firefox/addon/betterprivacy/?src=api","homepageURL":"https://addons.mozilla.org/ru/firefox/addon/betterprivacy/?src=api","sourceURI":"https://addons.mozilla.org/firefox/downloads/file/142049/betterprivacy-1.68-fx.xpi?src=api","size":138240,"developerComments":"FAQ:\n\nQ: I notice that when I go to the Flash Player settings manager site I still get a list of visited pages.\n\nA: In default configuration BetterPrivacy does *not* delete the Flash-Player-default cookie. Some users consider the default cookie as important since it keeps Flash-Player update settings as well as some camera or microphone settings. The default cookie also keeps a complete list of all visited LSO pages. However, the stored data associated with those visited pages will be deleted by BetterPrivacy though.\nAs long as the default cookie is kept, Flash-Player's settings-manager still shows a complete list of all visited pages, even if BetterPrivacy deleted all data storing objects. Go to BetterPrivacy's options and check 'Also delete Flash-Player default cookie' in order to remove the list of visited pages as well as the Flash-Player settings.\n\n----------\n\nQ: Error-message: Flash application data folder not found!\n\nA: As noted at the beginning, if you do not have a FLASH-plug-in installed, then you do NOT need BetterPrivacy! Only a Flash-plug-in can place LSO's on your disk. Otherwise make sure that your browser-Flash-plug-in is correctly installed and that it works.\n\n----------\n\nQ: Error-message: BetterPrivacy is searching for your Flash-cookie directory. The search takes longer than expected.\n\nA: In Firefox open BetterPrivacy (Menu->Tools->BetterPrivacy) and enter the correct path of your Flash data directory. Depending on your operating system this should be one of the following paths:\nWindows: %APPDATA%\\Macromedia\\Flash Player\\\nMacintosh: ~/Library/Preferences/Macromedia/Flash Player/\nLinux/Unix: ~/.macromedia/Flash_Player/\n\n----------\n\nQ: Flash has a built-in panel to define storage settings, why should I use an add-on?\nQ: What about the 'Global Privacy Settings panel' located on a fairly hidden company page?\n\nA: The usual Flash control panel only provides an option to set a storage limit on a per site basis. Thus you would need to define a new limit for every single Flash-site you visit. If you look at many different sites a day you easily end up in wasting your time by defining all those limits. Moreover there exist functional Flash embeds that are not visible - so you would not be aware that you missed to define a limit.\nA: You can use it to globally deny storage of web site data - but as storage is disabled it might happen that a LSO powered site denies it's service too. Of course, with global settings you cannot make exceptions. Besides the global LSO there will be stored additional settings LSO's for every Flash site (so some tracking still remains possible). Also be aware that the global settings LSO does not get deleted. Note that the company could have made this global panel available from the right click menu but they didn't. All in all you see that the process for managing permissions is practically unusable.\n\n----------\n\nQ: How to find out how many cookies currently are stored on my computer?\n\nA: Go to BetterPrivacy's options (Firefox tools menu), LSO-manager tab. All currently stored LSOs, if any, are listed there. Note that some sites store their cookies instantly when loading, others not before they are closing.\n\n----------\n\nQ: What might happen if I give permission to delete (some of) my LSOs?\n\nA: It is pretty much the same thing as with usual cookies. In most cases nothing happens. However, to gain all conveniences some services might require you to be tracked. For example they could store some data (e.g. Flash game settings) together with the tracking data itself. They bundle some interesting feature along with tracking data to get you to keep the awful cookie. Read next topic on how to exclude special cookies from deletion.\n\n----------\n\nQ: How to exclude certain LSOs from automatic deletion?\n\nA: Go to BetterPrivacy's options (Firefox tools menu), LSO-manager tab, select the site/cookie folder you want to exclude and press 'Prevent automatic LSO deletion'. Note that you allow tracking with every excluded LSO. Important: Protection means those LSO's are excluded from BetterPrivacy's deletion but the owner web site still can delete them as well as any other programs you might have running!\n\n----------\n\nQ: How to select more than one LSO at a time?\n\nA: With BetterPrivacy you do not need to select multiple LSO's, BetterPrivacy provides a more user-friendly kind of selection: Just highlight those (usually few) LSO's you wish to exclude from deletion and press the \"Prevent automatic LSO deletion\" - button for each excluded LSO. Finally press the \"Remove all\" - button. You will be asked if you wish to delete every LSO or only those which are not excluded.\n\n----------\n\nQ: What means <settings LSO>, <default LSO>, <local LSO>\n\nA: A settings-LSO does not store any data defined by websites, but about those sites: It can store information which is defined by you - the computer user. Therefore each settings-LSO needs to store the website-URL in order to identify the appropriate pages. The user-defined information can be used to determine how the Flash-player should behave on a certain site (e.g. special site volume or camera settings or rules that describe how to handle LSO's on the site). Thus it usually is not necessary to delete this kind of LSO. The user-defined data is not accessible by websites. However, if someone has physical access to your computer (e.g. multi-user system) other locally present users could see which Flash-sites have been visited in the past. The default-LSO is a special settings-LSO storing global (default) settings-data, as well as Flash-player-update settings. This LSO also keeps a complete list of all visited Flash-sites. In BetterPrivacy it is excluded from automatic deletion by default, but you can change this behavior in the BetterPrivacy options. A local-LSO is not stored by a website but by Flash-software installed on your computer.\n\n----------\n\nQ: Does BetterPrivacy block any sites or alter any settings of my Firefox installation?\n\nA: No! BetterPrivacy never modifies web pages! The add-on does not even know that web sites exist. It just looks in the cookie folder on your hard disk at the end of a Firefox session. For sure, if you confirmed to delete some LSOs it might happen that some previously LSO-stored data, e.g. Flash game settings, are lost: It is as like as with usual cookies! To prevent such data loss, see above (How to exclude...). BetterPrivacy also stores some own preferences using a unique name space, just as every add-on does.\n\n----------\n\nQ: Does every Flash application/video place a cookie on my hard disk?\n\nA: No! There are many Flash applications which store nothing on your computer. Though BetterPrivacy will not affect them in any way.\n\n----------\n\nQ: Is Firefox's 'Delete Private Data' function capable of deleting LSOs?\n\nA: Yes, but only since Firefox version 5 and higher. To delete LSOs, Firefox currently uses the the settings for usual cookies. However, there still is no option to exclude certain LSOs from deletion or to see which LSOs have been stored.\n\n----------\n\nQ: Why is it not possible to manage exclusions on a 'per site' basis like e.g. Adblock does?\n\nA: Though it is installed as a plug-in, Flash still runs as an external application on your computer. So Flash does not permit to be intercepted on cookie storage and moreover it's cookies can be accessed only indirectly. Thus an add-on -like BetterPrivacy- can only get limited information, derived from cookies and their folder structure.\n\n----------\n\nQ: Are there other ways to delete those LSOs, not using BetterPrivacy?\n\nA: Yes, for sure! For example...\n- You could write a short script to do this for you, eg. batch or vbs.\n- Objection is an alternate Firefox extension capable of acting like BetterPrivacy.\n- Flash itself provides an option to set a storage limit on a per site basis, but you would need to define a new limit for every Flash-site you visit.\n-You might also use an external 3rd party application which you would need to install on your computer.\n- Finally you can delete the LSO's manually by using a simple file manager. See Wikipedia article, which is mentioned above, for details.\n- Add-ons like 'FlashBlock' do not block Flash-cookies because they only prevent Flash from being displayed but Flash is still loaded. Also FlashBlock and similar add-ons can be defeated by simple HTML code, see override-flashblock demo here: Override Flashblock demonstration\n\n----------\n\nQ: Why does BetterPrivacy not delete the Asset-cache or Flash folder xyz?\n\nA: BetterPrivacy only deletes privacy related data, that means data that helps to identify the user or computer. Fore sure, data of that kind must also be accessible by web sites. It is a common misunderstanding: The Asset-cache does not store such data.\n\n----------\n\nQ: How to know what LSOs were generated during the session?\n\nA: Open the LSO manager and click the modified column. Then all LSO's are sorted by creation date. You should see the most recent on top.\n\n----------\n\nQ: BetterPrivacy fails to delete LSO's! Is this a bug?\n\nA: No, probably not, there can be several reasons for this behavior, such as:\n\n    In BetterPrivacy the Adobe settings.sol LSO is excluded from deletion by default. If you wish to change that behavior, open BetterPrivacy options and enable the setting 'Always delete the Flash-player default cookie'. Though the default LSO stores a list of visited Flash-Pages, it is not necessarily considered as a privacy threat. Web-pages generally have no access to that list. Sites can only see information of LSO's created and stored by same site.\n    Details: LSO's with name settings.sol are not created by web-pages but by the Flash application running on your local computer. The Flash application needs the settings.sol file to determine the valid origin of LSO's created and stored by web-pages. Settings.sol files also store the volume settings you have choosen for a particular web-page. Information other than that is not stored. Thus settings.sol files are no threat and in BetterPrivacy are excluded from deletion by default. However, users who share their computer with other persons, and both are using the same computer profile could be concerned about privacy. Using the same computer and account it is possible to visit the Adobe online Flash manager and to see what Flash-sites the other user recently visited. For this special situation of multi-user computer profiles it is possible to delete the settings.sol files too.\n    Deleting a LSO does not mean that a Flash application cannot recreate the LSO at any time later or even immediately! Any loaded Flash application is able to recreate LSO's at any time, regardless of an existing Internet connection, regardless of the Flash application's visibility or cache status. Even while closing a web-page tab a LSO can be created. BetterPrivacy does not block LSO's (that's technically not possible in Firefox since plug-ins are independent applications installed directly on your OS) but this add-on uses the much smarter solution of delayed deletion. This allows LSO-dependent Flash applications to work properly without denying their service while any usable tracking capabilities still are prevented.\n    Make sure that you did not accidentally exclude LSO's from deletion.\n    If you quit Firefox while still having web-pages in tabs opened and one one of those pages is capable to store LSOs, it can happen that LSO's will not be deleted (even if BetterPrivacy is configured to delete all LSO's when quitting Firefox). This is caused by a technical limitation of the Mozilla browsers: When you quit e.g. Firefox, BetterPrivacy uses the latest possible chance to delete stored LSO's. However, at that time the web-pages can still be loaded and active, since Firefox sometimes first terminates it's add-ons before it closes all web-pages. Thus a web-page has a chance to store a LSO after add-ons already have been unloaded by Firefox. In other words, BetterPrivacy cannot detect LSO's that are stored at a later time as the beginning of Firefox shutdown. This Firefox behavior has been seen for FF version 3.x and certain browser configurations, however the bug might be fixed in future versions.\n    If this is a problem for you, choose one of the following solutions: Either activate the BetterPrivacy setting to delete LSO's at Firefox startup, or make sure that all web-pages (at least Flash-pages) have been closed before quitting Firefox or file a Firefox bug (e.g. add-ons terminated earlier than plug-ins and web-pages) at bugzilla.mozilla.org.\n\n\n----------\n\nQ: BetterPrivacy deletes LSO's though I protected them! Is this a bug?\n\nA: No, probably not, because even if LSO's have been excluded from automatic deletion in BetterPrivacy, they still can be deleted (this cannot be avoided by an add-on) by any other means at any time for any reason, such as:\n\n    deletion by the Firefox 'Clear Recent History' menu function -or- deletion when quitting Firefox (if the Firefox option 'Clear history when Firefox closes' is activated). Firefox versions 5.0 and higher now are natively capable to remove LSOs. However this built-in native functionality still does not allow to exclude certain LSOs from deletion. The Firefox cookie manager also misses to list which LSOs have been stored, though Firefox does not distinguish LSO's from any usual cookies.\n    deletion by the LSO owner which is the web-site which originally stored the LSO\n    deletion by any other software or script installed on your system, e.g. any privacy software or another browser (MSIE, Chrome, etc) that is capable of deleting LSO's\n    deletion by any other Firefox add-on capable of deleting LSO's\n    manual deletion of a LSO with BetterPrivacy or a system file-manager\n    possible deletion caused by information loss/corruption in case of a Firefox crash\n    deletion if running Firefox with BetterPrivacy on another profile and with other settings\n    Some pages delete and re-create LSO's in different folders on every page (re-)load. In this case please edit the protected folder list and define the parent folder as protected LSO-folder.\n\n\n----------\n\nQ: Where do I get more information about LSO tracking and the involved companies?\n\nA: Visit Privacychoice Blog --or-- Social Science Research Network","reviewURL":"https://addons.mozilla.org/ru/firefox/addon/betterprivacy/reviews/?src=api","reviewCount":427,"totalDownloads":10554172,"weeklyDownloads":17832,"dailyUsers":559956,"updateDate":1327109280000,"supportURL":null}]}