{"chrome://browser/content/browser.xul":{"navigator-toolbox":{"iconsize":"small"},"main-window":{"width":"1598","height":"898","screenX":"1366","screenY":"0","sizemode":"normal"},"nav-bar":{"currentset":"urlbar-container,search-container,bookmarks-menu-button,pocket-button,downloads-button,home-button,loop-button,vimfx-toolbar-button,abp-toolbarbutton,ublock0-button"},"toolbar-menubar":{"currentset":"menubar-items"},"TabsToolbar":{"currentset":"tabbrowser-tabs,new-tab-button,alltabs-button"},"PersonalToolbar":{"currentset":"personal-bookmarks"},"addon-bar":{"currentset":"addonbar-closebutton,status-bar"},"sidebar-title":{"value":""}},"about:config":{"prefCol":{"ordinal":"1","sortDirection":"ascending"},"lockCol":{"ordinal":"3"},"typeCol":{"ordinal":"5"},"valueCol":{"ordinal":"7"}},"chrome://adblockplus/content/ui/filters.xul":{"col-enabled":{"ordinal":"1"},"col-filter":{"ordinal":"3"},"col-slow":{"ordinal":"5"},"col-hitcount":{"ordinal":"7"},"col-lasthit":{"ordinal":"9"},"tabs":{"selectedIndex":"0"},"abpFiltersWindow":{"screenX":"1366","screenY":"0","width":"1598","height":"898","sizemode":"normal"}},"chrome://bprivacy/content/bprivacyopt.xul":{"bpPrefsWinID":{"lastSelected":"bprivacy-prefpane","screenX":"1366","screenY":"0","width":"1598","height":"898"}}}