{"domainExceptionSites":{"apis.google.com/u/0/_/widget/render/ytshare":{"whitelist_urls":["apis.google.com","plus.google.com"],"english_name":"Google Plus"},"drive.google.com/uc":{"whitelist_urls":["googleusercontent.com"],"english_name":"Google User Content"},"disqus.com/next/login":{"whitelist_urls":["disqus.com"],"english_name":"Disqus"},"disqus.com/_ax/facebook/begin":{"whitelist_urls":["disqus.com"],"english_name":"Disqus"},"disqus.com/_ax/google/begin":{"whitelist_urls":["disqus.com"],"english_name":"Disqus"},"disqus.com/api/3.0/timelines/getUnreadCount.json":{"whitelist_urls":["disqus.com"],"english_name":"Disqus"},"www.instapaper.com/j_ext":{"whitelist_urls":["instapaper.com"],"english_name":"Instapaper"},"www.instapaper.com/j/":{"whitelist_urls":["instapaper.com"],"english_name":"Instapaper"},"www.instapaper.com/bookmarklet/":{"whitelist_urls":["instapaper.com"],"english_name":"Instapaper"},"getpocket.com/ext_save":{"whitelist_urls":["getpocket.com"],"english_name":"Pocket"},"api.kinja.com/api/token":{"whitelist_urls":["api.kinja.com"],"english_name":"Gawker Comments"},"www.facebook.com/ajax/connect/feedback.php":{"whitelist_urls":["www.facebook.com"],"english_name":"Facebook"},"hootsuite.com/hootlet/compose":{"whitelist_urls":["hootsuite.com"],"english_name":"Hootsuite"},"hootsuite.com/social-connect":{"whitelist_urls":["hootsuite.com"],"english_name":"Hootsuite"},"api0.passwordbox.com/api":{"whitelist_urls":["passwordbox.com","psswrdbx.com"],"english_name":"Password Box"}},"userRed":{},"userYellow":{},"userGreen":{},"disabledSites":{},"disabledSitesPrivate":{},"domainExceptions":{},"domainExceptionsPrivate":{},"changedCookies":{},"preloads":{"googleapis.com":"third-party","gstatic.com":"third-party","apis.google.com":"third-party","mts0.google.com":"third-party","mts1.google.com":"third-party","mt0.google.com":"third-party","mt1.google.com":"third-party","mapsengine.google.com":"third-party","fbcdn.net":"third-party","cloudfront.net":"third-party","youtube.com":"third-party","ytimg.com":"third-party","amazonaws.com":"third-party","twimg.com":"third-party","gravatar.com":"third-party","akamaihd.net":"third-party","jquery.com":"third-party","brightcove.com":"third-party","wordpress.com":"third-party","yahooapis.com":"third-party","googleusercontent.com":"third-party","llnwd.net":"third-party","images-amazon.com":"third-party","wp.com":"third-party","yimg.com":"third-party","akamai.net":"third-party","amazon.com":"third-party","rackcdn.com":"third-party","typekit.com":"third-party","disqus.com":"third-party","newsinc.com":"third-party","vimeocdn.com":"third-party","edgekey.net":"third-party","vimeo.com":"third-party","aolcdn.com":"third-party","feedburner.com":"third-party","cloudflare.com":"third-party","edgecastcdn.net":"third-party","paypal.com":"third-party","aspnetcdn.com":"third-party","googlecommerce.com":"third-party","ebay.com":"third-party","reddit.com":"third-party","apnewsregistry.com":"third-party","bizrate.com":"third-party","godaddy.com":"third-party","staticflickr.com":"third-party","photobucket.com":"third-party","lphbs.com":"third-party","fonts.com":"third-party","msn.com":"third-party","googlecode.com":"third-party","recaptcha.net":"third-party","flickr.com":"third-party","paypalobjects.com":"third-party","edgefcs.net":"third-party","digg.com":"third-party","jquerytools.org":"third-party","blogspot.com":"third-party","virtualearth.net":"third-party","tumblr.com":"third-party","microsoft.com":"third-party","5min.com":"third-party","netdna-cdn.com":"third-party","tiqcdn.com":"third-party","boldchat.com":"third-party","powerreviews.com":"third-party","wunderground.com":"third-party","cleanprint.net":"third-party","authorize.net":"third-party","ap.org":"third-party","worldnow.com":"third-party","fling.com":"third-party","buzzfeed.com":"third-party","grapeshot.co.uk":"third-party","buzzfed.com":"third-party","maxmind.com":"third-party","blogher.org":"third-party","youtube-nocookie.com":"third-party","polldaddy.com":"third-party","nola.com":"third-party","mlive.com":"third-party","al.com":"third-party","geotrust.com":"third-party","townnews.com":"third-party","yahoo.net":"third-party","resultspage.com":"third-party","cleveland.com":"third-party","123greetings.com":"third-party","nj.com":"third-party","oregonlive.com":"third-party","olark.com":"third-party","anonymto.me":"third-party","mycapture.com":"third-party","guardian.co.uk":"third-party","craveonline.com":"third-party","zvents.com":"third-party","github.com":"third-party","howstuffworks.com":"third-party","estara.com":"third-party","nsimg.net":"third-party","loggly.com":"third-party","weatherbug.com":"third-party","masslive.com":"third-party","pennlive.com":"third-party","nmcdn.us":"third-party","meebocdn.net":"third-party","videobash.com":"third-party","syracuse.com":"third-party","yandex.ru":"third-party","stellaservice.com":"third-party","com.com":"third-party","rpxnow.com":"third-party","printfriendly.com":"third-party","imgur.com":"third-party","livefyre.com":"third-party","gannettonline.com":"third-party","delicious.com":"third-party","poll.fm":"third-party","windows.net":"third-party","civicscience.com":"third-party","charter.com":"third-party","wistia.com":"third-party","netflix.com":"third-party","livechatinc.com":"third-party","discovery.com":"third-party","ebaystatic.com":"third-party","widgetserver.com":"third-party","bit.ly":"third-party","where.com":"third-party","janrain.com":"third-party","providesupport.com":"third-party","soundcloud.com":"third-party","nrcdn.com":"third-party","gawkerassets.com":"third-party","kinja.com":"third-party","blogger.com":"third-party","cachefly.net":"third-party","licdn.com":"third-party","eltrafiko.com":"third-party","fyre.co":"third-party","bloxcms.com":"third-party","jwpcdn.com":"third-party","pinimg.com":"third-party","alexa.com":"third-party","zencdn.net":"third-party","msecnd.net":"third-party","imageshack.us":"third-party","gmodules.com":"third-party","onswipe.com":"third-party","accuweather.com":"third-party","imgfarm.com":"third-party","snapengage.com":"third-party","zope.net":"third-party","intensedebate.com":"third-party","imagehost123.com":"third-party","linkwithin.com":"third-party","indeed.com":"third-party","brcdn.com":"third-party","gannett-tv.com":"third-party","hiroservers.appspot.com":"third-party","creativecommons.org":"third-party","zergnet.com":"third-party","networksolutions.com":"third-party","imshopping.com":"third-party","gannett-cdn.com":"third-party","torbit.com":"third-party","blogblog.com":"third-party","tinypic.com":"third-party","yellowpages.com":"third-party","zlcdn.com":"third-party","go.com":"third-party","tripadvisor.com":"third-party","honcode.ch":"third-party","instantservice.com":"third-party","hellobar.com":"third-party","ggpht.com":"third-party","wufoo.com":"third-party","qualtrics.com":"third-party","complex.com":"third-party","sbnation.com":"third-party","zopim.com":"third-party","delvenetworks.com":"third-party","financialcontent.com":"third-party","jwpltx.com":"third-party","pgcdn.com":"third-party","newstogram.com":"third-party","nbcuni.com":"third-party","trustkeeper.net":"third-party","trustwave.com":"third-party","wikimedia.org":"third-party","resellerratings.com":"third-party","vmixcore.com":"third-party","performgroup.com":"third-party","theplatform.com":"third-party","typography.com":"third-party","trumba.com":"third-party","zap2it.com":"third-party","instagram.com":"third-party","cstv.com":"third-party","issuu.com":"third-party","ziplist.com":"third-party","staticamzn.com":"third-party","usa.gov":"third-party","americanhomecomings.com":"third-party","phncdn.com":"third-party","rackspacecloud.com":"third-party","rssinclude.com":"third-party","mapquestapi.com":"third-party","ibsys.com":"third-party","shopping.com":"third-party","convio.net":"third-party","rambler.ru":"third-party","w3.org":"third-party","coupons.com":"third-party","turner.com":"third-party","ancestry.com":"third-party","klm.com":"third-party","elasticbeanstalk.com":"third-party","inergizedigital.com":"third-party","newslook.com":"third-party","springboardplatform.com":"third-party","shoprunner.com":"third-party","ibtimes.com":"third-party","securitymetrics.com":"third-party","nfl.com":"third-party","imageg.net":"third-party","breakingburner.com":"third-party","nextopiasoftware.com":"third-party","cdnpk.com":"third-party","fansonly.com":"third-party","evcdn.com":"third-party","salesforce.com":"third-party","crowdynews.com":"third-party","denverpost.com":"third-party","zombaio.com":"third-party","ethn.io":"third-party","weather.gov":"third-party","weathernationtv.com":"third-party","mqcdn.com":"third-party","smugmug.com":"third-party","neighborsink.com":"third-party","tmsbuyatoyota.com":"third-party","helium.com":"third-party","gogousenet.com":"third-party","domainnamesales.com":"third-party","surveygizmo.com":"third-party","viddler.com":"third-party","weather.com":"third-party","wishabi.com":"third-party","intellicast.com":"third-party","apple.com":"third-party","corporate-ir.net":"third-party","surveymonkey.com":"third-party","wistia.net":"third-party","investingchannel.com":"third-party","flyertown.ca":"third-party","nflcdn.com":"third-party","findnsave.com":"third-party","kickstatic.com":"third-party","godatafeed.com":"third-party","yardbarker.com":"third-party","autoforums.com":"third-party","bankrate.com":"third-party","trb.com":"third-party","livehelpnow.net":"third-party","huffpost.com":"third-party","mobify.com":"third-party","webtype.com":"third-party","flowplayer.org":"third-party","mtvnservices.com":"third-party","pricegrabber.com":"third-party","gasbuddy.com":"third-party","epoch.com":"third-party","timeinc.net":"third-party","cars.com":"third-party","mcclatchyinteractive.com":"third-party","kickapps.com":"third-party","mzstatic.com":"third-party","alert60.com":"third-party","howaboutwe.com":"third-party","hwcdn.net":"third-party","kampyle.com":"third-party","herokuapp.com":"third-party","snapabug.appspot.com":"third-party","geoplugin.net":"third-party","mtv.com":"third-party","wxug.com":"third-party","viduki.com":"third-party","trbimg.com":"third-party","ally.com":"third-party","slidedeck.com":"third-party","sgizmo.com":"third-party","logos.com":"third-party","fuseservice.com":"third-party","piclens.com":"third-party","ocsn.com":"third-party","fontdeck.com":"third-party","dudamobile.com":"third-party","assetfiles.com":"third-party","s-msn.com":"third-party","wxc.com":"third-party","siteimprove.com":"third-party","icbdr.com":"third-party","mail.ru":"third-party","custhelp.com":"third-party","technorati.com":"third-party","tinyurl.com":"third-party","jsonip.com":"third-party","copyscape.com":"third-party","seeclickfix.com":"third-party","quotemedia.com":"third-party","break.com":"third-party","ssl-images-amazon.com":"third-party","dmcdn.net":"third-party","www.google.com":"third-party","maps.google.com":"third-party","developers.google.com":"third-party","checkout.google.com":"third-party","public.tableausoftware.com":"third-party","talkgadget.google.com":"third-party","cdn.sstatic.net":"third-party","instapaper.com":"third-party","accounts.google.com":"third-party","plus.google.com":"third-party","bootstrapcdn.com":"third-party","kingfeatures.com":"third-party","microsoftonline.com":"third-party","outlook.com":"third-party","platform.twitter.com":"third-party","viafoura.net":"third-party","d3js.org":"third-party","attachment.fbsbx.com":"third-party","122.2o7.net":"third-party","typekit.net":"third-party","stripe.com":"third-party","kh.google.com":"third-party","tile.openstreetmap.org":"third-party","tile.openstreetmap.fr":"third-party","tile.opencyclemap.org":"third-party","tile2.opencyclemap.org":"third-party","angularjs.org":"third-party","ajax.googleapis.com":"third-party","twitch.tv":"third-party","spreadsheets.google.com":"third-party","nytimes.com":"third-party","readability.com":"third-party","getpocket.com":"third-party","dailymotion.com":"third-party","dmcdn.com":"third-party","stackexchange.com":"third-party","stackoverflow.com":"third-party","mathjax.org":"third-party","s-static.ak.facebook.com":"third-party","sketchfab.com":"third-party","khms0.google.com":"third-party","khms1.google.com":"third-party","khms2.google.com":"third-party","khms3.google.com":"third-party","khms4.google.com":"third-party","lh4.googleusercontent.com":"third-party","youwatch.org":"third-party","ui-portal.de":"third-party","cursecdn.com":"third-party","mw1.google.com":"third-party","hootsuite.com":"third-party","mozilla.net":"third-party","mozilla.org":"third-party","mapbox.com":"third-party","screendoor.dobt.co":"third-party","www.facebook.com":"third-party","microsofttranslator.com":"third-party","squarespace.com":"third-party","openlayers.org":"third-party","githubusercontent.com":"third-party","docs.google.com":"third-party","geenstijl.nl":"third-party","gscdn.nl":"third-party","dumpert.nl":"third-party","media.nu.nl":"third-party","pixietrixcomix.com":"third-party","i.lithium.com":"third-party","secure5.arcot.com":"third-party","hackerone-user-content.com":"third-party","squirt.io":"third-party","mfstatic.cz":"third-party","passwordbox.com":"third-party","sstatic.net":"third-party","ngfiles.com":"third-party","psswrdbx.com":"third-party","youku.com":"third-party","140cc.v.fwmrm.net":"third-party","imagevenue.com":"third-party","imagetwist.com":"third-party","imgspice.com":"third-party","imgchili.com":"third-party","imagecorn.com":"third-party","nationbuilder.com":"third-party","kataweb.it":"third-party","mediaworks.co.nz":"third-party","redditmedia.com":"third-party","redditstatic.com":"third-party","shopify.com":"third-party","pdf.yt":"third-party","livestream.com":"third-party","api.embed.ly":"third-party","cdn.embedly.com":"third-party","members.internetdefenseleague.org":"third-party","cdn3.nflxext.com":"third-party","optimizely.com":"third-party","aol.com":"third-party","nyt.com":"third-party","phplist.com":"third-party","maps-api-ssl.google.com":"third-party","clients1.google.com":"third-party","hypothes.is":"third-party","ebayimg.com":"third-party","ebayrtm.com":"third-party","cdn.static-economist.com":"third-party","content.force.com":"third-party","secure.force.com":"third-party","dl.dropboxusercontent.com":"third-party","groups.google.com":"third-party","nominatim.openstreetmap.org":"third-party","pipes.yahoo.com":"third-party","syndication.twitter.com":"third-party","travis-ci-org.global.ssl.fastly.net":"third-party","s3.amazonaws.com":"third-party","kinja-static.com":"third-party","wildapricot.org":"third-party","arcgis.com":"third-party","appspot.com":"third-party","wikidata.org":"third-party","licensebuttons.net":"third-party","wallst.com":"third-party","ebmedia.eventbrite.com":"third-party","uicdn.com":"third-party","mozu.com":"third-party","omroep.nl":"third-party","flattr.com":"third-party","fastly.net":"third-party","publiekeomroep.nl":"third-party","plex.tv":"third-party","readthedocs.org":"third-party","auth.api.sonyentertainmentnetwork.com":"third-party","cdn-a.sonyentertainmentnetwork.com":"third-party","xsdownload.adobe.com":"third-party","wwwimages.adobe.com":"third-party","governmentjobs.com":"third-party","cardinalcommerce.com":"third-party","archive.org":"third-party","betterttv.net":"third-party","salsalabs.com":"third-party","search.yahoo.com":"third-party","loop.services.mozilla.com":"third-party","hello.firefox.com":"third-party","yelpcdn.com":"third-party","files.edx.org":"third-party","gatherer.wizards.com":"third-party","googlevideo.com":"third-party","piratebay.org":"third-party","sndcdn.com":"third-party"},"originFrequency":{},"originFrequencyPrivate":{},"blockedOrigins":{},"policyHashes":{"Preliminary DNT Policy":"41ae62ddfee360fe1e0e7dbae0f35b2dc06212eb","Discussion Draft DNT Policy v0.1":"96297930e450cb795004ae5b1fcc88290a2fe982","Discussion Draft v0.2 in progress feb 2015":"76d89351d48f10c633fd1b5273587913f0851367","DNT Policy v1.0":"a18e8dba6848d3fc241b03b88291cb75a3cfec3b"},"policyWhitelist":{},"nextBlockedSitesCheck":1439454874530}